lr-AdamW,created_at,train/loss_simple_step,train/loss_vlb_step,train/loss_step,global_step,epoch,val/loss_simple,val/loss_vlb,val/loss,val/loss_simple_ema,val/loss_vlb_ema,val/loss_ema,train/loss_simple_epoch,train/loss_vlb_epoch,train/loss_epoch
0.005,2022-09-23 18:41:15.771504,,,,,,,,,,,,,,
,2022-09-23 18:41:16.294169,0.005903322249650955,2.8712562198052183e-05,0.005903322249650955,49.0,0.0,,,,,,,,,
0.005,2022-09-23 18:41:42.291367,,,,,,,,,,,,,,
,2022-09-23 18:41:42.816011,0.02550416998565197,0.00010225677397102118,0.02550416998565197,99.0,0.0,,,,,,,,,
0.005,2022-09-23 18:42:08.878113,,,,,,,,,,,,,,
,2022-09-23 18:42:09.399923,0.010386412963271141,4.937805715599097e-05,0.010386412963271141,149.0,0.0,,,,,,,,,
0.005,2022-09-23 18:42:35.483920,,,,,,,,,,,,,,
,2022-09-23 18:42:36.007286,0.2443884313106537,0.0012999767204746604,0.2443884313106537,199.0,0.0,,,,,,,,,
0.005,2022-09-23 18:43:02.048164,,,,,,,,,,,,,,
,2022-09-23 18:43:02.585338,0.00359153700992465,2.0041075913468376e-05,0.00359153700992465,249.0,0.0,,,,,,,,,
0.005,2022-09-23 18:43:28.655040,,,,,,,,,,,,,,
,2022-09-23 18:43:29.195432,0.009611707180738449,4.72885076305829e-05,0.009611707180738449,299.0,0.0,,,,,,,,,
0.005,2022-09-23 18:43:55.177698,,,,,,,,,,,,,,
,2022-09-23 18:43:55.699984,0.20325921475887299,0.000800854992121458,0.20325921475887299,349.0,0.0,,,,,,,,,
0.005,2022-09-23 18:44:21.780753,,,,,,,,,,,,,,
,2022-09-23 18:44:22.300575,0.34133026003837585,0.0031022466719150543,0.34133026003837585,399.0,0.0,,,,,,,,,
0.005,2022-09-23 18:44:48.266801,,,,,,,,,,,,,,
,2022-09-23 18:44:48.796640,0.006252975668758154,3.076393113587983e-05,0.006252975668758154,449.0,0.0,,,,,,,,,
0.005,2022-09-23 18:45:14.893129,,,,,,,,,,,,,,
,2022-09-23 18:45:50.050019,0.20031435787677765,0.0008136537508107722,0.20031435787677765,499.0,0.0,,,,,,,,,
0.005,2022-09-23 18:46:16.100582,,,,,,,,,,,,,,
,2022-09-23 18:46:16.623771,0.004755937494337559,2.4433044018223882e-05,0.004755937494337559,549.0,0.0,,,,,,,,,
0.005,2022-09-23 18:46:42.699987,,,,,,,,,,,,,,
,2022-09-23 18:46:43.240579,0.0024855586234480143,1.4610471225751098e-05,0.0024855586234480143,599.0,0.0,,,,,,,,,
0.005,2022-09-23 18:47:09.169292,,,,,,,,,,,,,,
,2022-09-23 18:47:09.691046,0.33547696471214294,0.0017499940004199743,0.33547696471214294,649.0,0.0,,,,,,,,,
0.005,2022-09-23 18:47:35.749851,,,,,,,,,,,,,,
,2022-09-23 18:47:36.278546,0.03163537755608559,0.00012294828775338829,0.03163537755608559,699.0,0.0,,,,,,,,,
0.005,2022-09-23 18:48:02.279689,,,,,,,,,,,,,,
,2022-09-23 18:48:02.804382,0.21741753816604614,0.0011234533740207553,0.21741753816604614,749.0,0.0,,,,,,,,,
0.005,2022-09-23 18:48:28.847661,,,,,,,,,,,,,,
,2022-09-23 18:48:29.369742,0.3474901020526886,0.0021904180757701397,0.3474901020526886,799.0,0.0,,,,,,,,,
0.005,2022-09-23 18:48:55.565884,,,,,,,,,,,,,,
,2022-09-23 18:48:56.090233,0.143160879611969,0.0004948132555000484,0.143160879611969,849.0,0.0,,,,,,,,,
0.005,2022-09-23 18:49:22.285025,,,,,,,,,,,,,,
,2022-09-23 18:49:22.810154,0.046305567026138306,0.0001632593630347401,0.046305567026138306,899.0,0.0,,,,,,,,,
0.005,2022-09-23 18:49:48.875563,,,,,,,,,,,,,,
,2022-09-23 18:49:49.420817,0.056822486221790314,0.00019838592561427504,0.056822486221790314,949.0,0.0,,,,,,,,,
0.005,2022-09-23 18:50:15.518290,,,,,,,,,,,,,,
,2022-09-23 18:50:46.455747,0.07554887980222702,0.0002602221502456814,0.07554887980222702,999.0,0.0,,,,,,,,,
0.005,2022-09-23 18:51:12.535929,,,,,,,,,,,,,,
,2022-09-23 18:51:13.059684,0.1053428053855896,0.0003482048341538757,0.1053428053855896,1049.0,0.0,,,,,,,,,
0.005,2022-09-23 18:51:39.101519,,,,,,,,,,,,,,
,2022-09-23 18:51:39.631415,0.13254185020923615,0.0004400063189677894,0.13254185020923615,1099.0,0.0,,,,,,,,,
0.005,2022-09-23 18:52:05.732000,,,,,,,,,,,,,,
,2022-09-23 18:52:06.255565,0.0038267814088612795,2.163399403798394e-05,0.0038267814088612795,1149.0,0.0,,,,,,,,,
0.005,2022-09-23 18:52:32.338625,,,,,,,,,,,,,,
,2022-09-23 18:52:32.870985,0.2267000377178192,0.0010556622873991728,0.2267000377178192,1199.0,0.0,,,,,,,,,
0.005,2022-09-23 18:52:58.870838,,,,,,,,,,,,,,
,2022-09-23 18:52:59.408575,0.060392964631319046,0.00019839506421703845,0.060392964631319046,1249.0,0.0,,,,,,,,,
0.005,2022-09-23 18:53:25.539432,,,,,,,,,,,,,,
,2022-09-23 18:53:26.079193,0.005583635531365871,2.9443213861668482e-05,0.005583635531365871,1299.0,0.0,,,,,,,,,
0.005,2022-09-23 18:53:52.194232,,,,,,,,,,,,,,
,2022-09-23 18:53:52.718046,0.1082884818315506,0.0003560073091648519,0.1082884818315506,1349.0,0.0,,,,,,,,,
0.005,2022-09-23 18:54:18.944365,,,,,,,,,,,,,,
,2022-09-23 18:54:19.467148,0.010912518948316574,5.478076855069958e-05,0.010912518948316574,1399.0,0.0,,,,,,,,,
0.005,2022-09-23 18:54:45.567108,,,,,,,,,,,,,,
,2022-09-23 18:54:46.090353,0.018121182918548584,7.151717727538198e-05,0.018121182918548584,1449.0,0.0,,,,,,,,,
0.005,2022-09-23 18:55:12.211957,,,,,,,,,,,,,,
,2022-09-23 18:55:43.418246,0.010925119742751122,5.05640018673148e-05,0.010925119742751122,1499.0,0.0,,,,,,,,,
0.005,2022-09-23 18:56:09.479082,,,,,,,,,,,,,,
,2022-09-23 18:56:10.032350,0.009095730260014534,4.2334519093856215e-05,0.009095730260014534,1549.0,0.0,,,,,,,,,
0.005,2022-09-23 18:56:36.419211,,,,,,,,,,,,,,
,2022-09-23 18:56:36.952571,0.20688496530056,0.0008554980740882456,0.20688496530056,1599.0,0.0,,,,,,,,,
0.005,2022-09-23 18:57:03.030203,,,,,,,,,,,,,,
,2022-09-23 18:57:03.555489,0.00828325655311346,4.1581890400266275e-05,0.00828325655311346,1649.0,0.0,,,,,,,,,
0.005,2022-09-23 18:57:29.696486,,,,,,,,,,,,,,
,2022-09-23 18:57:30.223586,0.11557721346616745,0.0003908072831109166,0.11557721346616745,1699.0,0.0,,,,,,,,,
0.005,2022-09-23 18:57:56.367054,,,,,,,,,,,,,,
,2022-09-23 18:57:56.891554,0.009338229894638062,4.8744412197265774e-05,0.009338229894638062,1749.0,0.0,,,,,,,,,
0.005,2022-09-23 18:58:22.987858,,,,,,,,,,,,,,
,2022-09-23 18:58:23.513440,0.16199307143688202,0.0006531888502649963,0.16199307143688202,1799.0,0.0,,,,,,,,,
0.005,2022-09-23 18:58:49.764970,,,,,,,,,,,,,,
,2022-09-23 18:58:50.289746,0.01804712787270546,7.674055814277381e-05,0.01804712787270546,1849.0,0.0,,,,,,,,,
0.005,2022-09-23 18:59:16.308419,,,,,,,,,,,,,,
,2022-09-23 18:59:16.833617,0.032053615897893906,0.00012399713159538805,0.032053615897893906,1899.0,0.0,,,,,,,,,
0.005,2022-09-23 18:59:42.977943,,,,,,,,,,,,,,
,2022-09-23 18:59:43.506400,0.008236926048994064,4.029289266327396e-05,0.008236926048994064,1949.0,0.0,,,,,,,,,
0.005,2022-09-23 19:00:09.684053,,,,,,,,,,,,,,
,2022-09-23 19:00:40.889412,0.08747392147779465,0.00028998067136853933,0.08747392147779465,1999.0,0.0,,,,,,,,,
0.005,2022-09-23 19:01:07.076506,,,,,,,,,,,,,,
,2022-09-23 19:01:07.600606,0.003163412446156144,1.830233304644935e-05,0.003163412446156144,2049.0,0.0,,,,,,,,,
0.005,2022-09-23 19:01:33.840596,,,,,,,,,,,,,,
,2022-09-23 19:01:34.362510,0.16019141674041748,0.0007785240304656327,0.16019141674041748,2099.0,0.0,,,,,,,,,
0.005,2022-09-23 19:02:00.421384,,,,,,,,,,,,,,
,2022-09-23 19:02:00.944697,0.12225311994552612,0.0004025835369247943,0.12225311994552612,2149.0,0.0,,,,,,,,,
0.005,2022-09-23 19:02:26.993177,,,,,,,,,,,,,,
,2022-09-23 19:02:27.517618,0.06963057070970535,0.00023234818945638835,0.06963057070970535,2199.0,0.0,,,,,,,,,
0.005,2022-09-23 19:02:53.647581,,,,,,,,,,,,,,
,2022-09-23 19:02:54.170203,0.24743807315826416,0.001379561610519886,0.24743807315826416,2249.0,0.0,,,,,,,,,
0.005,2022-09-23 19:03:20.227593,,,,,,,,,,,,,,
,2022-09-23 19:03:20.750661,0.007114670239388943,3.440697764744982e-05,0.007114670239388943,2299.0,0.0,,,,,,,,,
0.005,2022-09-23 19:03:46.880715,,,,,,,,,,,,,,
,2022-09-23 19:03:47.404229,0.03162507340312004,0.000125871054478921,0.03162507340312004,2349.0,0.0,,,,,,,,,
0.005,2022-09-23 19:04:13.461965,,,,,,,,,,,,,,
,2022-09-23 19:04:13.984600,0.03745199739933014,0.0001347661018371582,0.03745199739933014,2399.0,0.0,,,,,,,,,
0.005,2022-09-23 19:04:40.060594,,,,,,,,,,,,,,
,2022-09-23 19:04:40.599768,0.06915246695280075,0.00022786056797485799,0.06915246695280075,2449.0,0.0,,,,,,,,,
0.005,2022-09-23 19:05:06.578843,,,,,,,,,,,,,,
,2022-09-23 19:05:37.414606,0.07555007934570312,0.0002515721716918051,0.07555007934570312,2499.0,0.0,,,,,,,,,
0.005,2022-09-23 19:06:03.555268,,,,,,,,,,,,,,
,2022-09-23 19:06:04.076954,0.13333407044410706,0.0004414582217577845,0.13333407044410706,2549.0,0.0,,,,,,,,,
0.005,2022-09-23 19:06:30.319954,,,,,,,,,,,,,,
,2022-09-23 19:06:30.872315,0.19017034769058228,0.000702105404343456,0.19017034769058228,2599.0,0.0,,,,,,,,,
0.005,2022-09-23 19:06:56.982158,,,,,,,,,,,,,,
,2022-09-23 19:06:57.517634,0.011150665581226349,5.338962728274055e-05,0.011150665581226349,2649.0,0.0,,,,,,,,,
0.005,2022-09-23 19:07:23.625661,,,,,,,,,,,,,,
,2022-09-23 19:07:24.148183,0.05063957720994949,0.00018138167797587812,0.05063957720994949,2699.0,0.0,,,,,,,,,
0.005,2022-09-23 19:07:50.418837,,,,,,,,,,,,,,
,2022-09-23 19:07:50.941676,0.2396496832370758,0.0013822903856635094,0.2396496832370758,2749.0,0.0,,,,,,,,,
0.005,2022-09-23 19:08:17.038833,,,,,,,,,,,,,,
,2022-09-23 19:08:17.572903,0.015100366435945034,6.498309812741354e-05,0.015100366435945034,2799.0,0.0,,,,,,,,,
0.005,2022-09-23 19:08:43.750026,,,,,,,,,,,,,,
,2022-09-23 19:08:44.273539,0.011376261711120605,5.4083895520307124e-05,0.011376261711120605,2849.0,0.0,,,,,,,,,
0.005,2022-09-23 19:09:10.463414,,,,,,,,,,,,,,
,2022-09-23 19:09:10.987592,0.06123609095811844,0.00021379526879172772,0.06123609095811844,2899.0,0.0,,,,,,,,,
0.005,2022-09-23 19:09:37.178671,,,,,,,,,,,,,,
,2022-09-23 19:09:37.719489,0.12101790308952332,0.00040054123383015394,0.12101790308952332,2949.0,0.0,,,,,,,,,
0.005,2022-09-23 19:10:03.875278,,,,,,,,,,,,,,
,2022-09-23 19:10:34.720431,0.07133198529481888,0.00024245487293228507,0.07133198529481888,2999.0,0.0,,,,,,,,,
0.005,2022-09-23 19:11:00.771891,,,,,,,,,,,,,,
,2022-09-23 19:11:01.295062,0.01455690898001194,6.247733108466491e-05,0.01455690898001194,3049.0,0.0,,,,,,,,,
0.005,2022-09-23 19:11:27.345209,,,,,,,,,,,,,,
,2022-09-23 19:11:27.883186,0.031003203243017197,0.00011752077989513054,0.031003203243017197,3099.0,0.0,,,,,,,,,
0.005,2022-09-23 19:11:53.947027,,,,,,,,,,,,,,
,2022-09-23 19:11:54.468927,0.17262516915798187,0.0006137007731013,0.17262516915798187,3149.0,0.0,,,,,,,,,
0.005,2022-09-23 19:12:20.490472,,,,,,,,,,,,,,
,2022-09-23 19:12:21.011363,0.02265620231628418,9.508258517598733e-05,0.02265620231628418,3199.0,0.0,,,,,,,,,
0.005,2022-09-23 19:12:47.127858,,,,,,,,,,,,,,
,2022-09-23 19:12:47.649429,0.11992726475000381,0.00039553100941702724,0.11992726475000381,3249.0,0.0,,,,,,,,,
0.005,2022-09-23 19:13:13.694732,,,,,,,,,,,,,,
,2022-09-23 19:13:14.217744,0.11763548851013184,0.00038710347143933177,0.11763548851013184,3299.0,0.0,,,,,,,,,
0.005,2022-09-23 19:13:40.313627,,,,,,,,,,,,,,
,2022-09-23 19:13:40.836643,0.014625482261180878,6.750049215042964e-05,0.014625482261180878,3349.0,0.0,,,,,,,,,
0.005,2022-09-23 19:14:06.876502,,,,,,,,,,,,,,
,2022-09-23 19:14:07.400042,0.05485641211271286,0.00018445166642777622,0.05485641211271286,3399.0,0.0,,,,,,,,,
0.005,2022-09-23 19:14:33.450774,,,,,,,,,,,,,,
,2022-09-23 19:14:33.973642,0.002683608327060938,1.607229387445841e-05,0.002683608327060938,3449.0,0.0,,,,,,,,,
0.005,2022-09-23 19:15:00.011034,,,,,,,,,,,,,,
,2022-09-23 19:15:30.674251,0.15084891021251678,0.0005466709844768047,0.15084891021251678,3499.0,0.0,,,,,,,,,
0.005,2022-09-23 19:15:56.768196,,,,,,,,,,,,,,
,2022-09-23 19:15:57.290951,0.5538249015808105,0.012459090910851955,0.5538249015808105,3549.0,0.0,,,,,,,,,
0.005,2022-09-23 19:16:23.403909,,,,,,,,,,,,,,
,2022-09-23 19:16:23.929133,0.11695960909128189,0.00038710280205123127,0.11695960909128189,3599.0,0.0,,,,,,,,,
0.005,2022-09-23 19:16:50.047041,,,,,,,,,,,,,,
,2022-09-23 19:16:50.569030,0.11330622434616089,0.0003735386999323964,0.11330622434616089,3649.0,0.0,,,,,,,,,
0.005,2022-09-23 19:17:16.571589,,,,,,,,,,,,,,
,2022-09-23 19:17:17.095426,0.21854113042354584,0.000989113817922771,0.21854113042354584,3699.0,0.0,,,,,,,,,
0.005,2022-09-23 19:17:43.198242,,,,,,,,,,,,,,
,2022-09-23 19:17:43.720509,0.026824098080396652,0.00010599128290778026,0.026824098080396652,3749.0,0.0,,,,,,,,,
0.005,2022-09-23 19:18:09.792993,,,,,,,,,,,,,,
,2022-09-23 19:18:10.324293,0.2835145592689514,0.0017749671824276447,0.2835145592689514,3799.0,0.0,,,,,,,,,
0.005,2022-09-23 19:18:36.418746,,,,,,,,,,,,,,
,2022-09-23 19:18:36.949735,0.07094365358352661,0.0002369378780713305,0.07094365358352661,3849.0,0.0,,,,,,,,,
0.005,2022-09-23 19:19:02.937661,,,,,,,,,,,,,,
,2022-09-23 19:19:03.458546,0.3718085289001465,0.0037034403067082167,0.3718085289001465,3899.0,0.0,,,,,,,,,
0.005,2022-09-23 19:19:29.445207,,,,,,,,,,,,,,
,2022-09-23 19:19:29.978254,0.01522990595549345,6.874025712022558e-05,0.01522990595549345,3949.0,0.0,,,,,,,,,
0.005,2022-09-23 19:19:55.956678,,,,,,,,,,,,,,
,2022-09-23 19:20:26.243104,0.10057210177183151,0.00033243553480133414,0.10057210177183151,3999.0,0.0,,,,,,,,,
0.005,2022-09-23 19:20:52.484431,,,,,,,,,,,,,,
,2022-09-23 19:20:53.006922,0.08771668374538422,0.0002987041953019798,0.08771668374538422,4049.0,0.0,,,,,,,,,
0.005,2022-09-23 19:21:19.057955,,,,,,,,,,,,,,
,2022-09-23 19:21:19.589882,0.018572229892015457,7.814701530151069e-05,0.018572229892015457,4099.0,0.0,,,,,,,,,
0.005,2022-09-23 19:21:45.755755,,,,,,,,,,,,,,
,2022-09-23 19:21:46.278960,0.020187657326459885,9.024082828545943e-05,0.020187657326459885,4149.0,0.0,,,,,,,,,
0.005,2022-09-23 19:22:12.339196,,,,,,,,,,,,,,
,2022-09-23 19:22:12.870421,0.2282206118106842,0.0009032276575453579,0.2282206118106842,4199.0,0.0,,,,,,,,,
0.005,2022-09-23 19:22:38.941333,,,,,,,,,,,,,,
,2022-09-23 19:22:39.464515,0.08396429568529129,0.00027593481354415417,0.08396429568529129,4249.0,0.0,,,,,,,,,
0.005,2022-09-23 19:23:05.418645,,,,,,,,,,,,,,
,2022-09-23 19:23:05.941830,0.21639493107795715,0.0008948230533860624,0.21639493107795715,4299.0,0.0,,,,,,,,,
0.005,2022-09-23 19:23:31.993853,,,,,,,,,,,,,,
,2022-09-23 19:23:32.526649,0.003103547263890505,1.7826752809924074e-05,0.003103547263890505,4349.0,0.0,,,,,,,,,
0.005,2022-09-23 19:23:58.633915,,,,,,,,,,,,,,
,2022-09-23 19:23:59.156030,0.003431937424466014,1.9542731024557725e-05,0.003431937424466014,4399.0,0.0,,,,,,,,,
0.005,2022-09-23 19:24:25.215833,,,,,,,,,,,,,,
,2022-09-23 19:24:25.738257,0.007999049499630928,3.9638129237573594e-05,0.007999049499630928,4449.0,0.0,,,,,,,,,
0.005,2022-09-23 19:24:51.803512,,,,,,,,,,,,,,
,2022-09-23 19:25:22.337300,0.4248790740966797,0.0058768512681126595,0.4248790740966797,4499.0,0.0,,,,,,,,,
0.005,2022-09-23 19:25:48.473989,,,,,,,,,,,,,,
,2022-09-23 19:25:49.002743,0.20282743871212006,0.0008063836139626801,0.20282743871212006,4549.0,0.0,,,,,,,,,
0.005,2022-09-23 19:26:15.032163,,,,,,,,,,,,,,
,2022-09-23 19:26:15.555258,0.13373436033725739,0.00044763460755348206,0.13373436033725739,4599.0,0.0,,,,,,,,,
0.005,2022-09-23 19:26:41.677223,,,,,,,,,,,,,,
,2022-09-23 19:26:42.202484,0.01026921533048153,4.799874659511261e-05,0.01026921533048153,4649.0,0.0,,,,,,,,,
0.005,2022-09-23 19:27:08.273558,,,,,,,,,,,,,,
,2022-09-23 19:27:08.804279,0.029767286032438278,0.00011949639156227931,0.029767286032438278,4699.0,0.0,,,,,,,,,
0.005,2022-09-23 19:27:34.856368,,,,,,,,,,,,,,
,2022-09-23 19:27:35.392598,0.025505587458610535,9.959056478692219e-05,0.025505587458610535,4749.0,0.0,,,,,,,,,
0.005,2022-09-23 19:28:01.468198,,,,,,,,,,,,,,
,2022-09-23 19:28:01.999224,0.18459540605545044,0.000672972179017961,0.18459540605545044,4799.0,0.0,,,,,,,,,
0.005,2022-09-23 19:28:28.062906,,,,,,,,,,,,,,
,2022-09-23 19:28:28.584825,0.19822070002555847,0.0007827405352145433,0.19822070002555847,4849.0,0.0,,,,,,,,,
0.005,2022-09-23 19:28:54.585818,,,,,,,,,,,,,,
,2022-09-23 19:28:55.108817,0.31888917088508606,0.002616308396682143,0.31888917088508606,4899.0,0.0,,,,,,,,,
0.005,2022-09-23 19:29:21.137195,,,,,,,,,,,,,,
,2022-09-23 19:29:21.663159,0.03705546259880066,0.0001445190137019381,0.03705546259880066,4949.0,0.0,,,,,,,,,
0.005,2022-09-23 19:29:47.825222,,,,,,,,,,,,,,
,2022-09-23 19:30:18.382134,0.012509945780038834,5.677781155100092e-05,0.012509945780038834,4999.0,0.0,,,,,,,,,
0.005,2022-09-23 19:30:44.509935,,,,,,,,,,,,,,
,2022-09-23 19:30:45.032275,0.12099331617355347,0.00044744033948518336,0.12099331617355347,5049.0,0.0,,,,,,,,,
0.005,2022-09-23 19:31:11.134995,,,,,,,,,,,,,,
,2022-09-23 19:31:11.657476,0.027790596708655357,0.00010775504051707685,0.027790596708655357,5099.0,0.0,,,,,,,,,
0.005,2022-09-23 19:31:37.742265,,,,,,,,,,,,,,
,2022-09-23 19:31:38.277317,0.27490901947021484,0.0016652378253638744,0.27490901947021484,5149.0,0.0,,,,,,,,,
0.005,2022-09-23 19:32:04.229283,,,,,,,,,,,,,,
,2022-09-23 19:32:04.751046,0.48460763692855835,0.02103010192513466,0.48460763692855835,5199.0,0.0,,,,,,,,,
0.005,2022-09-23 19:32:30.799682,,,,,,,,,,,,,,
,2022-09-23 19:32:31.329893,0.24130184948444366,0.0011586184846237302,0.24130184948444366,5249.0,0.0,,,,,,,,,
0.005,2022-09-23 19:32:57.414223,,,,,,,,,,,,,,
,2022-09-23 19:32:57.937061,0.18220892548561096,0.0007311961962841451,0.18220892548561096,5299.0,0.0,,,,,,,,,
0.005,2022-09-23 19:33:24.020439,,,,,,,,,,,,,,
,2022-09-23 19:33:24.548989,0.17806655168533325,0.0007250873604789376,0.17806655168533325,5349.0,0.0,,,,,,,,,
0.005,2022-09-23 19:33:50.579952,,,,,,,,,,,,,,
,2022-09-23 19:33:51.102059,0.08105824887752533,0.00027298563509248197,0.08105824887752533,5399.0,0.0,,,,,,,,,
0.005,2022-09-23 19:34:17.238767,,,,,,,,,,,,,,
,2022-09-23 19:34:17.762552,0.26413923501968384,0.0015700652729719877,0.26413923501968384,5449.0,0.0,,,,,,,,,
0.005,2022-09-23 19:34:43.868582,,,,,,,,,,,,,,
,2022-09-23 19:35:14.707889,0.19422771036624908,0.0007739721331745386,0.19422771036624908,5499.0,0.0,,,,,,,,,
0.005,2022-09-23 19:35:40.899817,,,,,,,,,,,,,,
,2022-09-23 19:35:41.425602,0.05864790081977844,0.00020660123846028,0.05864790081977844,5549.0,0.0,,,,,,,,,
0.005,2022-09-23 19:36:07.510718,,,,,,,,,,,,,,
,2022-09-23 19:36:08.033969,0.005881752818822861,3.137728344881907e-05,0.005881752818822861,5599.0,0.0,,,,,,,,,
0.005,2022-09-23 19:36:34.159856,,,,,,,,,,,,,,
,2022-09-23 19:36:34.694488,0.1399199664592743,0.0004967977874912322,0.1399199664592743,5649.0,0.0,,,,,,,,,
0.005,2022-09-23 19:37:00.790621,,,,,,,,,,,,,,
,2022-09-23 19:37:01.314186,0.325319766998291,0.003334036562591791,0.325319766998291,5699.0,0.0,,,,,,,,,
0.005,2022-09-23 19:37:27.567588,,,,,,,,,,,,,,
,2022-09-23 19:37:28.092601,0.06423060595989227,0.00021654805459547788,0.06423060595989227,5749.0,0.0,,,,,,,,,
0.005,2022-09-23 19:37:54.224869,,,,,,,,,,,,,,
,2022-09-23 19:37:54.761752,0.004716968163847923,2.5979807105613872e-05,0.004716968163847923,5799.0,0.0,,,,,,,,,
0.005,2022-09-23 19:38:20.906411,,,,,,,,,,,,,,
,2022-09-23 19:38:21.442902,0.07370713353157043,0.00024379017122555524,0.07370713353157043,5849.0,0.0,,,,,,,,,
0.005,2022-09-23 19:38:47.646769,,,,,,,,,,,,,,
,2022-09-23 19:38:48.171046,0.003713343758136034,2.0992696590838023e-05,0.003713343758136034,5899.0,0.0,,,,,,,,,
0.005,2022-09-23 19:39:14.320815,,,,,,,,,,,,,,
,2022-09-23 19:39:14.855609,0.2610567808151245,0.0018134339479729533,0.2610567808151245,5949.0,0.0,,,,,,,,,
0.005,2022-09-23 19:39:40.964605,,,,,,,,,,,,,,
,2022-09-23 19:40:11.760694,0.007244425360113382,3.7542042264249176e-05,0.007244425360113382,5999.0,0.0,,,,,,,,,
0.005,2022-09-23 19:40:38.078087,,,,,,,,,,,,,,
,2022-09-23 19:40:38.603072,0.016042694449424744,6.903832399984822e-05,0.016042694449424744,6049.0,0.0,,,,,,,,,
0.005,2022-09-23 19:41:04.654529,,,,,,,,,,,,,,
,2022-09-23 19:41:05.179275,0.006189537234604359,3.2449439459014684e-05,0.006189537234604359,6099.0,0.0,,,,,,,,,
0.005,2022-09-23 19:41:31.257332,,,,,,,,,,,,,,
,2022-09-23 19:41:31.791740,0.004790604114532471,2.5779845600482076e-05,0.004790604114532471,6149.0,0.0,,,,,,,,,
0.005,2022-09-23 19:41:58.030870,,,,,,,,,,,,,,
,2022-09-23 19:41:58.556376,0.15076425671577454,0.0005158348940312862,0.15076425671577454,6199.0,0.0,,,,,,,,,
0.005,2022-09-23 19:42:24.634108,,,,,,,,,,,,,,
,2022-09-23 19:42:25.159531,0.02023906633257866,8.768279803916812e-05,0.02023906633257866,6249.0,0.0,,,,,,,,,
0.005,2022-09-23 19:42:51.317465,,,,,,,,,,,,,,
,2022-09-23 19:42:51.841133,0.09439494460821152,0.0003126451629213989,0.09439494460821152,6299.0,0.0,,,,,,,,,
0.005,2022-09-23 19:43:17.981508,,,,,,,,,,,,,,
,2022-09-23 19:43:18.504921,0.011392079293727875,5.400557711254805e-05,0.011392079293727875,6349.0,0.0,,,,,,,,,
0.005,2022-09-23 19:43:44.557715,,,,,,,,,,,,,,
,2022-09-23 19:43:45.081018,0.010955294594168663,4.986031126463786e-05,0.010955294594168663,6399.0,0.0,,,,,,,,,
0.005,2022-09-23 19:44:11.111141,,,,,,,,,,,,,,
,2022-09-23 19:44:11.639216,0.09472787380218506,0.0003130636760033667,0.09472787380218506,6449.0,0.0,,,,,,,,,
0.005,2022-09-23 19:44:37.759601,,,,,,,,,,,,,,
,2022-09-23 19:45:08.130057,0.010031556710600853,5.116453394293785e-05,0.010031556710600853,6499.0,0.0,,,,,,,,,
0.005,2022-09-23 19:45:34.250426,,,,,,,,,,,,,,
,2022-09-23 19:45:34.784136,0.002217174507677555,1.3393553672358394e-05,0.002217174507677555,6549.0,0.0,,,,,,,,,
0.005,2022-09-23 19:46:00.888107,,,,,,,,,,,,,,
,2022-09-23 19:46:01.419667,0.09194821119308472,0.0003029392391908914,0.09194821119308472,6599.0,0.0,,,,,,,,,
0.005,2022-09-23 19:46:27.537950,,,,,,,,,,,,,,
,2022-09-23 19:46:28.062823,0.0610911101102829,0.00021706137340515852,0.0610911101102829,6649.0,0.0,,,,,,,,,
0.005,2022-09-23 19:46:54.202020,,,,,,,,,,,,,,
,2022-09-23 19:46:54.725846,0.09035095572471619,0.0002973122172988951,0.09035095572471619,6699.0,0.0,,,,,,,,,
0.005,2022-09-23 19:47:20.813465,,,,,,,,,,,,,,
,2022-09-23 19:47:21.344992,0.2545654773712158,0.003123711794614792,0.2545654773712158,6749.0,0.0,,,,,,,,,
0.005,2022-09-23 19:47:47.415356,,,,,,,,,,,,,,
,2022-09-23 19:47:47.938229,0.06488208472728729,0.00021319312509149313,0.06488208472728729,6799.0,0.0,,,,,,,,,
0.005,2022-09-23 19:48:14.042021,,,,,,,,,,,,,,
,2022-09-23 19:48:14.566261,0.3052448332309723,0.002291885670274496,0.3052448332309723,6849.0,0.0,,,,,,,,,
0.005,2022-09-23 19:48:40.667719,,,,,,,,,,,,,,
,2022-09-23 19:48:41.201521,0.09657397866249084,0.0003175308811478317,0.09657397866249084,6899.0,0.0,,,,,,,,,
0.005,2022-09-23 19:49:07.361387,,,,,,,,,,,,,,
,2022-09-23 19:49:07.885287,0.035957220941782,0.00014040060341358185,0.035957220941782,6949.0,0.0,,,,,,,,,
0.005,2022-09-23 19:49:33.870389,,,,,,,,,,,,,,
,2022-09-23 19:50:04.336494,0.0278264582157135,0.00010654401557985693,0.0278264582157135,6999.0,0.0,,,,,,,,,
0.005,2022-09-23 19:50:30.497148,,,,,,,,,,,,,,
,2022-09-23 19:50:31.035542,0.18902266025543213,0.0007480941130779684,0.18902266025543213,7049.0,0.0,,,,,,,,,
0.005,2022-09-23 19:50:57.183711,,,,,,,,,,,,,,
,2022-09-23 19:50:57.717556,0.023863613605499268,9.339908137917519e-05,0.023863613605499268,7099.0,0.0,,,,,,,,,
0.005,2022-09-23 19:51:23.878032,,,,,,,,,,,,,,
,2022-09-23 19:51:24.406381,0.003218388184905052,1.827374035201501e-05,0.003218388184905052,7149.0,0.0,,,,,,,,,
0.005,2022-09-23 19:51:50.548504,,,,,,,,,,,,,,
,2022-09-23 19:51:51.069477,0.007493075914680958,3.832805305137299e-05,0.007493075914680958,7199.0,0.0,,,,,,,,,
0.005,2022-09-23 19:52:17.199685,,,,,,,,,,,,,,
,2022-09-23 19:52:17.721679,0.17703905701637268,0.0007613386260345578,0.17703905701637268,7249.0,0.0,,,,,,,,,
0.005,2022-09-23 19:52:43.868483,,,,,,,,,,,,,,
,2022-09-23 19:52:44.391712,0.28380733728408813,0.0015172380954027176,0.28380733728408813,7299.0,0.0,,,,,,,,,
0.005,2022-09-23 19:53:10.459923,,,,,,,,,,,,,,
,2022-09-23 19:53:10.982106,0.0726337656378746,0.0002447456354275346,0.0726337656378746,7349.0,0.0,,,,,,,,,
0.005,2022-09-23 19:53:37.058506,,,,,,,,,,,,,,
,2022-09-23 19:53:37.596085,0.14608582854270935,0.0005011476459912956,0.14608582854270935,7399.0,0.0,,,,,,,,,
0.005,2022-09-23 19:54:03.899259,,,,,,,,,,,,,,
,2022-09-23 19:54:04.422547,0.038376811891794205,0.00014897483924869448,0.038376811891794205,7449.0,0.0,,,,,,,,,
0.005,2022-09-23 19:54:30.482610,,,,,,,,,,,,,,
,2022-09-23 19:55:00.645996,0.14624729752540588,0.0005205932538956404,0.14624729752540588,7499.0,0.0,,,,,,,,,
0.005,2022-09-23 19:55:26.729087,,,,,,,,,,,,,,
,2022-09-23 19:55:27.255266,0.1122797355055809,0.0003981569316238165,0.1122797355055809,7549.0,0.0,,,,,,,,,
0.005,2022-09-23 19:55:53.375077,,,,,,,,,,,,,,
,2022-09-23 19:55:53.899226,0.03799303621053696,0.00014852448657620698,0.03799303621053696,7599.0,0.0,,,,,,,,,
0.005,2022-09-23 19:56:20.022243,,,,,,,,,,,,,,
,2022-09-23 19:56:20.544725,0.010741807520389557,5.217128273216076e-05,0.010741807520389557,7649.0,0.0,,,,,,,,,
0.005,2022-09-23 19:56:46.680090,,,,,,,,,,,,,,
,2022-09-23 19:56:47.203590,0.149294912815094,0.0004936413024552166,0.149294912815094,7699.0,0.0,,,,,,,,,
0.005,2022-09-23 19:57:13.285661,,,,,,,,,,,,,,
,2022-09-23 19:57:13.807511,0.15272566676139832,0.0005328012048266828,0.15272566676139832,7749.0,0.0,,,,,,,,,
0.005,2022-09-23 19:57:39.913149,,,,,,,,,,,,,,
,2022-09-23 19:57:40.456162,0.007036272436380386,3.5783912608167157e-05,0.007036272436380386,7799.0,0.0,,,,,,,,,
0.005,2022-09-23 19:58:06.582846,,,,,,,,,,,,,,
,2022-09-23 19:58:07.107097,0.016806669533252716,7.2617141995579e-05,0.016806669533252716,7849.0,0.0,,,,,,,,,
0.005,2022-09-23 19:58:33.104671,,,,,,,,,,,,,,
,2022-09-23 19:58:33.627934,0.004298201762139797,2.3298513042391278e-05,0.004298201762139797,7899.0,0.0,,,,,,,,,
0.005,2022-09-23 19:58:59.793982,,,,,,,,,,,,,,
,2022-09-23 19:59:00.325048,0.4234272837638855,0.006122342776507139,0.4234272837638855,7949.0,0.0,,,,,,,,,
0.005,2022-09-23 19:59:26.403149,,,,,,,,,,,,,,
,2022-09-23 19:59:57.068313,0.16543573141098022,0.000597796228248626,0.16543573141098022,7999.0,0.0,,,,,,,,,
0.005,2022-09-23 20:00:23.250848,,,,,,,,,,,,,,
,2022-09-23 20:00:23.772635,0.01348637230694294,6.250578007893637e-05,0.01348637230694294,8049.0,0.0,,,,,,,,,
0.005,2022-09-23 20:00:49.936940,,,,,,,,,,,,,,
,2022-09-23 20:00:50.461253,0.018354978412389755,7.898903277236968e-05,0.018354978412389755,8099.0,0.0,,,,,,,,,
0.005,2022-09-23 20:01:16.683243,,,,,,,,,,,,,,
,2022-09-23 20:01:17.209155,0.10384604334831238,0.00034394810791127384,0.10384604334831238,8149.0,0.0,,,,,,,,,
0.005,2022-09-23 20:01:43.373458,,,,,,,,,,,,,,
,2022-09-23 20:01:43.897221,0.0349002443253994,0.00013317842967808247,0.0349002443253994,8199.0,0.0,,,,,,,,,
0.005,2022-09-23 20:02:10.030100,,,,,,,,,,,,,,
,2022-09-23 20:02:10.553558,0.2131527215242386,0.0009581901831552386,0.2131527215242386,8249.0,0.0,,,,,,,,,
0.005,2022-09-23 20:02:36.681348,,,,,,,,,,,,,,
,2022-09-23 20:02:37.213355,0.020629117265343666,8.312009595101699e-05,0.020629117265343666,8299.0,0.0,,,,,,,,,
0.005,2022-09-23 20:03:03.215207,,,,,,,,,,,,,,
,2022-09-23 20:03:03.737069,0.04353442043066025,0.00015709390572737902,0.04353442043066025,8349.0,0.0,,,,,,,,,
0.005,2022-09-23 20:03:29.869919,,,,,,,,,,,,,,
,2022-09-23 20:03:30.397601,0.07227449119091034,0.0002447735460009426,0.07227449119091034,8399.0,0.0,,,,,,,,,
0.005,2022-09-23 20:03:56.534117,,,,,,,,,,,,,,
,2022-09-23 20:03:57.060094,0.049785640090703964,0.00017552904319018126,0.049785640090703964,8449.0,0.0,,,,,,,,,
0.005,2022-09-23 20:04:22.982062,,,,,,,,,,,,,,
,2022-09-23 20:04:53.649236,0.20601478219032288,0.0007963126990944147,0.20601478219032288,8499.0,0.0,,,,,,,,,
0.005,2022-09-23 20:05:19.658329,,,,,,,,,,,,,,
,2022-09-23 20:05:20.181748,0.0052507068030536175,2.817392123688478e-05,0.0052507068030536175,8549.0,0.0,,,,,,,,,
0.005,2022-09-23 20:05:46.215357,,,,,,,,,,,,,,
,2022-09-23 20:05:46.736611,0.21531710028648376,0.0008880360401235521,0.21531710028648376,8599.0,0.0,,,,,,,,,
0.005,2022-09-23 20:06:12.692028,,,,,,,,,,,,,,
,2022-09-23 20:06:13.225134,0.004922601394355297,2.6528636226430535e-05,0.004922601394355297,8649.0,0.0,,,,,,,,,
0.005,2022-09-23 20:06:39.301612,,,,,,,,,,,,,,
,2022-09-23 20:06:39.829156,0.04533093422651291,0.00015160224575083703,0.04533093422651291,8699.0,0.0,,,,,,,,,
0.005,2022-09-23 20:07:05.908070,,,,,,,,,,,,,,
,2022-09-23 20:07:06.435675,0.1678207665681839,0.0006718689110130072,0.1678207665681839,8749.0,0.0,,,,,,,,,
0.005,2022-09-23 20:07:32.380011,,,,,,,,,,,,,,
,2022-09-23 20:07:32.903737,0.3314013183116913,0.002033625030890107,0.3314013183116913,8799.0,0.0,,,,,,,,,
0.005,2022-09-23 20:07:58.924150,,,,,,,,,,,,,,
,2022-09-23 20:07:59.446773,0.12226007878780365,0.00040189753053709865,0.12226007878780365,8849.0,0.0,,,,,,,,,
0.005,2022-09-23 20:08:25.455069,,,,,,,,,,,,,,
,2022-09-23 20:08:25.977702,0.0759228765964508,0.00025356750120408833,0.0759228765964508,8899.0,0.0,,,,,,,,,
0.005,2022-09-23 20:08:52.033746,,,,,,,,,,,,,,
,2022-09-23 20:08:52.559528,0.6767721176147461,0.06897392123937607,0.6767721176147461,8949.0,0.0,,,,,,,,,
0.005,2022-09-23 20:09:18.590545,,,,,,,,,,,,,,
,2022-09-23 20:09:49.366330,0.009199736639857292,4.3182430090382695e-05,0.009199736639857292,8999.0,0.0,,,,,,,,,
0.005,2022-09-23 20:10:15.512961,,,,,,,,,,,,,,
,2022-09-23 20:10:16.035070,0.2954980731010437,0.001862684148363769,0.2954980731010437,9049.0,0.0,,,,,,,,,
0.005,2022-09-23 20:10:41.952568,,,,,,,,,,,,,,
,2022-09-23 20:10:42.476714,0.5352067947387695,0.02770029380917549,0.5352067947387695,9099.0,0.0,,,,,,,,,
,2022-09-23 20:11:41.222369,,,,,0.0,0.13258153200149536,0.005109777674078941,0.13258153200149536,0.13972091674804688,0.001704289228655398,0.13972091674804688,,,
,2022-09-23 20:11:41.276685,,,,,0.0,,,,,,,0.11746624857187271,0.002155331429094076,0.11746624857187271
0.005,2022-09-23 20:12:10.478135,,,,,,,,,,,,,,
,2022-09-23 20:12:11.002582,0.05367044731974602,0.00018114484555553645,0.05367044731974602,9149.0,1.0,,,,,,,,,
0.005,2022-09-23 20:12:36.971039,,,,,,,,,,,,,,
,2022-09-23 20:12:37.498055,0.2111525535583496,0.0008514098590239882,0.2111525535583496,9199.0,1.0,,,,,,,,,
0.005,2022-09-23 20:13:03.550339,,,,,,,,,,,,,,
,2022-09-23 20:13:04.078879,0.04045237973332405,0.00014335506421048194,0.04045237973332405,9249.0,1.0,,,,,,,,,
0.005,2022-09-23 20:13:30.108319,,,,,,,,,,,,,,
,2022-09-23 20:13:30.633087,0.006624965462833643,3.29710564983543e-05,0.006624965462833643,9299.0,1.0,,,,,,,,,
0.005,2022-09-23 20:13:56.602259,,,,,,,,,,,,,,
,2022-09-23 20:13:57.123626,0.06441311538219452,0.00021840751287527382,0.06441311538219452,9349.0,1.0,,,,,,,,,
0.005,2022-09-23 20:14:23.052294,,,,,,,,,,,,,,
,2022-09-23 20:14:23.574079,0.05003093183040619,0.00018139780149795115,0.05003093183040619,9399.0,1.0,,,,,,,,,
0.005,2022-09-23 20:14:49.550005,,,,,,,,,,,,,,
,2022-09-23 20:14:50.072528,0.02328021079301834,9.243303065886721e-05,0.02328021079301834,9449.0,1.0,,,,,,,,,
0.005,2022-09-23 20:15:16.121390,,,,,,,,,,,,,,
,2022-09-23 20:15:46.885164,0.08251343667507172,0.00027130497619509697,0.08251343667507172,9499.0,1.0,,,,,,,,,
0.005,2022-09-23 20:16:12.937160,,,,,,,,,,,,,,
,2022-09-23 20:16:13.459930,0.004865514580160379,2.5214056222466752e-05,0.004865514580160379,9549.0,1.0,,,,,,,,,
0.005,2022-09-23 20:16:39.574303,,,,,,,,,,,,,,
,2022-09-23 20:16:40.101826,0.0023816439788788557,1.4121065760264173e-05,0.0023816439788788557,9599.0,1.0,,,,,,,,,
0.005,2022-09-23 20:17:06.194751,,,,,,,,,,,,,,
,2022-09-23 20:17:06.734552,0.02938040718436241,0.00010878085595322773,0.02938040718436241,9649.0,1.0,,,,,,,,,
0.005,2022-09-23 20:17:32.724061,,,,,,,,,,,,,,
,2022-09-23 20:17:33.248692,0.003202309599146247,1.8932345483335666e-05,0.003202309599146247,9699.0,1.0,,,,,,,,,
0.005,2022-09-23 20:17:59.255668,,,,,,,,,,,,,,
,2022-09-23 20:17:59.777371,0.12968632578849792,0.0004367243964225054,0.12968632578849792,9749.0,1.0,,,,,,,,,
0.005,2022-09-23 20:18:25.823814,,,,,,,,,,,,,,
,2022-09-23 20:18:26.349425,0.1110144555568695,0.0003704007249325514,0.1110144555568695,9799.0,1.0,,,,,,,,,
0.005,2022-09-23 20:18:52.431331,,,,,,,,,,,,,,
,2022-09-23 20:18:52.954874,0.04475763067603111,0.00016150785086210817,0.04475763067603111,9849.0,1.0,,,,,,,,,
0.005,2022-09-23 20:19:19.074647,,,,,,,,,,,,,,
,2022-09-23 20:19:19.597375,0.12831777334213257,0.00042616002610884607,0.12831777334213257,9899.0,1.0,,,,,,,,,
0.005,2022-09-23 20:19:45.592839,,,,,,,,,,,,,,
,2022-09-23 20:19:46.129940,0.004043919965624809,2.2961039576330222e-05,0.004043919965624809,9949.0,1.0,,,,,,,,,
0.005,2022-09-23 20:20:12.161755,,,,,,,,,,,,,,
,2022-09-23 20:20:42.881198,0.07189907878637314,0.00023981454432941973,0.07189907878637314,9999.0,1.0,,,,,,,,,
0.005,2022-09-23 20:21:09.023502,,,,,,,,,,,,,,
,2022-09-23 20:21:09.547837,0.0016311968211084604,9.797417078516446e-06,0.0016311968211084604,10049.0,1.0,,,,,,,,,
0.005,2022-09-23 20:21:35.640200,,,,,,,,,,,,,,
,2022-09-23 20:21:36.165235,0.006530625745654106,3.473785545793362e-05,0.006530625745654106,10099.0,1.0,,,,,,,,,
0.005,2022-09-23 20:22:02.366525,,,,,,,,,,,,,,
,2022-09-23 20:22:02.913557,0.0033125830814242363,1.9697283278219402e-05,0.0033125830814242363,10149.0,1.0,,,,,,,,,
0.005,2022-09-23 20:22:28.961657,,,,,,,,,,,,,,
,2022-09-23 20:22:29.485266,0.013746920973062515,6.086284702178091e-05,0.013746920973062515,10199.0,1.0,,,,,,,,,
0.005,2022-09-23 20:22:55.531364,,,,,,,,,,,,,,
,2022-09-23 20:22:56.064204,0.08897294104099274,0.0002922920975834131,0.08897294104099274,10249.0,1.0,,,,,,,,,
0.005,2022-09-23 20:23:22.058781,,,,,,,,,,,,,,
,2022-09-23 20:23:22.582990,0.0077935815788805485,4.0038565202848986e-05,0.0077935815788805485,10299.0,1.0,,,,,,,,,
0.005,2022-09-23 20:23:48.625937,,,,,,,,,,,,,,
,2022-09-23 20:23:49.148107,0.6151975393295288,0.04506542533636093,0.6151975393295288,10349.0,1.0,,,,,,,,,
0.005,2022-09-23 20:24:15.289175,,,,,,,,,,,,,,
,2022-09-23 20:24:15.812907,0.24397426843643188,0.0014684711350128055,0.24397426843643188,10399.0,1.0,,,,,,,,,
0.005,2022-09-23 20:24:41.863398,,,,,,,,,,,,,,
,2022-09-23 20:24:42.386942,0.0921579897403717,0.00030301636434160173,0.0921579897403717,10449.0,1.0,,,,,,,,,
0.005,2022-09-23 20:25:08.418982,,,,,,,,,,,,,,
,2022-09-23 20:25:39.290443,0.002648682566359639,1.5908715795376338e-05,0.002648682566359639,10499.0,1.0,,,,,,,,,
0.005,2022-09-23 20:26:05.305216,,,,,,,,,,,,,,
,2022-09-23 20:26:05.837125,0.11405681818723679,0.00037480020546354353,0.11405681818723679,10549.0,1.0,,,,,,,,,
0.005,2022-09-23 20:26:31.946447,,,,,,,,,,,,,,
,2022-09-23 20:26:32.472966,0.008953968062996864,4.5536613470176235e-05,0.008953968062996864,10599.0,1.0,,,,,,,,,
0.005,2022-09-23 20:26:58.628835,,,,,,,,,,,,,,
,2022-09-23 20:26:59.158038,0.2385367453098297,0.0023433284368366003,0.2385367453098297,10649.0,1.0,,,,,,,,,
0.005,2022-09-23 20:27:25.214985,,,,,,,,,,,,,,
,2022-09-23 20:27:25.739054,0.14826373755931854,0.0005027995794080198,0.14826373755931854,10699.0,1.0,,,,,,,,,
0.005,2022-09-23 20:27:51.845218,,,,,,,,,,,,,,
,2022-09-23 20:27:52.369951,0.20525768399238586,0.0009855512762442231,0.20525768399238586,10749.0,1.0,,,,,,,,,
0.005,2022-09-23 20:28:18.506415,,,,,,,,,,,,,,
,2022-09-23 20:28:19.029892,0.42863351106643677,0.005571392364799976,0.42863351106643677,10799.0,1.0,,,,,,,,,
0.005,2022-09-23 20:28:45.030433,,,,,,,,,,,,,,
,2022-09-23 20:28:45.575190,0.1488795280456543,0.0005076729576103389,0.1488795280456543,10849.0,1.0,,,,,,,,,
0.005,2022-09-23 20:29:11.657764,,,,,,,,,,,,,,
,2022-09-23 20:29:12.195867,0.1540774554014206,0.0005346882389858365,0.1540774554014206,10899.0,1.0,,,,,,,,,
0.005,2022-09-23 20:29:38.276689,,,,,,,,,,,,,,
,2022-09-23 20:29:38.801744,0.3269471526145935,0.0023088266607373953,0.3269471526145935,10949.0,1.0,,,,,,,,,
0.005,2022-09-23 20:30:04.800579,,,,,,,,,,,,,,
,2022-09-23 20:30:35.544885,0.007967798039317131,4.0521314076613635e-05,0.007967798039317131,10999.0,1.0,,,,,,,,,
0.005,2022-09-23 20:31:01.655424,,,,,,,,,,,,,,
,2022-09-23 20:31:02.195116,0.3555111885070801,0.005662772338837385,0.3555111885070801,11049.0,1.0,,,,,,,,,
0.005,2022-09-23 20:31:28.345089,,,,,,,,,,,,,,
,2022-09-23 20:31:28.870145,0.2252173125743866,0.0010373706463724375,0.2252173125743866,11099.0,1.0,,,,,,,,,
0.005,2022-09-23 20:31:54.974193,,,,,,,,,,,,,,
,2022-09-23 20:31:55.509150,0.4372357130050659,0.01531908567994833,0.4372357130050659,11149.0,1.0,,,,,,,,,
0.005,2022-09-23 20:32:21.613953,,,,,,,,,,,,,,
,2022-09-23 20:32:22.141969,0.0023972855415195227,1.4481572179647628e-05,0.0023972855415195227,11199.0,1.0,,,,,,,,,
0.005,2022-09-23 20:32:48.250261,,,,,,,,,,,,,,
,2022-09-23 20:32:48.775436,0.018046073615550995,7.456896855728701e-05,0.018046073615550995,11249.0,1.0,,,,,,,,,
0.005,2022-09-23 20:33:15.020025,,,,,,,,,,,,,,
,2022-09-23 20:33:15.546428,0.0053748078644275665,2.917658639489673e-05,0.0053748078644275665,11299.0,1.0,,,,,,,,,
0.005,2022-09-23 20:33:41.675593,,,,,,,,,,,,,,
,2022-09-23 20:33:42.200974,0.44344303011894226,0.010818397626280785,0.44344303011894226,11349.0,1.0,,,,,,,,,
0.005,2022-09-23 20:34:08.370857,,,,,,,,,,,,,,
,2022-09-23 20:34:08.907152,0.08257569372653961,0.00027393060736358166,0.08257569372653961,11399.0,1.0,,,,,,,,,
0.005,2022-09-23 20:34:34.934752,,,,,,,,,,,,,,
,2022-09-23 20:34:35.468120,0.10726267844438553,0.0003536762378644198,0.10726267844438553,11449.0,1.0,,,,,,,,,
0.005,2022-09-23 20:35:01.433260,,,,,,,,,,,,,,
,2022-09-23 20:35:31.913830,0.13299435377120972,0.00046152443974278867,0.13299435377120972,11499.0,1.0,,,,,,,,,
0.005,2022-09-23 20:35:57.933582,,,,,,,,,,,,,,
,2022-09-23 20:35:58.460590,0.018705245107412338,7.829716196283698e-05,0.018705245107412338,11549.0,1.0,,,,,,,,,
0.005,2022-09-23 20:36:24.595374,,,,,,,,,,,,,,
,2022-09-23 20:36:25.119374,0.16602998971939087,0.0006150082917883992,0.16602998971939087,11599.0,1.0,,,,,,,,,
0.005,2022-09-23 20:36:51.084500,,,,,,,,,,,,,,
,2022-09-23 20:36:51.610623,0.02222391404211521,9.242493979400024e-05,0.02222391404211521,11649.0,1.0,,,,,,,,,
0.005,2022-09-23 20:37:17.651939,,,,,,,,,,,,,,
,2022-09-23 20:37:18.174742,0.27187275886535645,0.0010596626671031117,0.27187275886535645,11699.0,1.0,,,,,,,,,
0.005,2022-09-23 20:37:44.139320,,,,,,,,,,,,,,
,2022-09-23 20:37:44.684004,0.004789157770574093,2.5144197934423573e-05,0.004789157770574093,11749.0,1.0,,,,,,,,,
0.005,2022-09-23 20:38:10.741906,,,,,,,,,,,,,,
,2022-09-23 20:38:11.276748,0.05234237760305405,0.00017505092546343803,0.05234237760305405,11799.0,1.0,,,,,,,,,
0.005,2022-09-23 20:38:37.399409,,,,,,,,,,,,,,
,2022-09-23 20:38:37.924666,0.0088527025654912,4.232664286973886e-05,0.0088527025654912,11849.0,1.0,,,,,,,,,
0.005,2022-09-23 20:39:04.021741,,,,,,,,,,,,,,
,2022-09-23 20:39:04.549806,0.17703461647033691,0.0006176057504490018,0.17703461647033691,11899.0,1.0,,,,,,,,,
0.005,2022-09-23 20:39:30.665526,,,,,,,,,,,,,,
,2022-09-23 20:39:31.189495,0.02895744889974594,0.00011293616989860311,0.02895744889974594,11949.0,1.0,,,,,,,,,
